property_type,neighbourhood,estimated_job_size_sqft,requested_timeline,referral_source,homeowner_status,preferred_contact,lead_capture_weather,distance_to_queens_km,customer_age_bracket,has_pets,lead_weekday,lead_month_sin,lead_month_cos
Detached,Portsmouth Village,1592.0,Flexible,Facebook Ads,Own,SMS,Cloudy,3.84,35-44,False,Tuesday,0.8660254037844386,0.5000000000000001
Apartment,Portsmouth Village,644.0,ASAP,Facebook Ads,Own,Email,Sunny,5.85,65+,True,Tuesday,0.8660254037844386,0.5000000000000001
Semi-Detached,Downtown,1639.0,Flexible,Facebook Ads,Own,SMS,Windy,5.01,65+,True,Thursday,-2.4492935982947064e-16,1.0
Semi-Detached,Strathcona Park,1234.0,ASAP,Door-to-Door,Own,SMS,Sunny,4.36,35-44,False,Monday,0.8660254037844386,0.5000000000000001
Detached,Downtown,2144.0,1 month,Facebook Ads,Own,Phone Call,Rain,0.85,45-54,True,Saturday,0.49999999999999994,0.8660254037844387
Detached,West End,2010.0,Flexible,Facebook Ads,Own,Email,Rain,3.68,35-44,False,Monday,0.8660254037844386,0.5000000000000001
Detached,West End,2484.0,1-2 weeks,Door-to-Door,Own,Email,Snow,1.49,35-44,False,Tuesday,-2.4492935982947064e-16,1.0
Apartment,Downtown,762.0,1-2 weeks,Facebook Ads,Own,SMS,Sunny,0.2,35-44,False,Friday,0.8660254037844386,0.5000000000000001
Detached,Portsmouth Village,2116.0,Flexible,Facebook Ads,Rent,Email,Sunny,0.2,45-54,False,Monday,0.49999999999999994,0.8660254037844387
Detached,West End,1380.0,1-2 weeks,Facebook Ads,Recently Purchased,SMS,Rain,7.15,35-44,False,Tuesday,0.49999999999999994,0.8660254037844387
Semi-Detached,West End,1463.0,Flexible,Lawn Signs,Own,SMS,Cloudy,6.33,45-54,True,Friday,-2.4492935982947064e-16,1.0
Townhouse,West End,751.0,ASAP,Lawn Signs,Own,Email,Windy,6.75,55-64,False,Sunday,-2.4492935982947064e-16,1.0
Semi-Detached,West End,1374.0,ASAP,Word of Mouth/Referral,Own,SMS,Rain,1.89,18-24,False,Friday,0.49999999999999994,0.8660254037844387
Semi-Detached,West End,1410.0,Flexible,Facebook Ads,Own,Email,Sunny,5.33,45-54,False,Sunday,0.8660254037844386,0.5000000000000001
Detached,Portsmouth Village,965.0,1 month,Lawn Signs,Rent,SMS,Sunny,4.31,18-24,True,Wednesday,0.49999999999999994,0.8660254037844387
Semi-Detached,Calvin Park,1674.0,Flexible,Door-to-Door,Own,Phone Call,Cloudy,2.69,45-54,True,Saturday,0.49999999999999994,0.8660254037844387
Townhouse,West End,548.0,1-2 weeks,Facebook Ads,Own,SMS,Cloudy,6.48,65+,False,Sunday,0.8660254037844386,0.5000000000000001
Apartment,Calvin Park,451.0,Flexible,Facebook Ads,Recently Purchased,SMS,Rain,2.88,18-24,True,Wednesday,0.49999999999999994,0.8660254037844387
Detached,West End,3463.0,Flexible,Facebook Ads,Own,Email,Windy,4.34,45-54,False,Monday,0.8660254037844386,0.5000000000000001
Detached,West End,1924.0,1 month,Facebook Ads,Own,Email,Sunny,5.42,55-64,False,Monday,1.0,6.123233995736766e-17
Detached,West End,1897.0,Flexible,Word of Mouth/Referral,Rent,Email,Sunny,3.33,65+,True,Thursday,0.49999999999999994,0.8660254037844387
Detached,West End,2144.0,Flexible,Facebook Ads,Rent,SMS,Rain,2.02,18-24,True,Saturday,0.49999999999999994,0.8660254037844387
Townhouse,West End,1156.0,1-2 weeks,Facebook Ads,Own,Email,Rain,4.68,65+,False,Sunday,0.8660254037844386,0.5000000000000001
Townhouse,Sydenham Ward,1020.0,ASAP,Lawn Signs,Own,Phone Call,Sunny,5.25,55-64,False,Saturday,-2.4492935982947064e-16,1.0
Townhouse,Downtown,1348.0,Flexible,Facebook Ads,Own,SMS,Sunny,4.29,25-34,True,Saturday,-2.4492935982947064e-16,1.0
Apartment,Sydenham Ward,701.0,1-2 weeks,Facebook Ads,Own,Email,Rain,5.87,45-54,False,Friday,0.8660254037844386,0.5000000000000001
Apartment,Sydenham Ward,613.0,Flexible,Lawn Signs,Rent,Phone Call,Cloudy,4.33,55-64,False,Tuesday,-2.4492935982947064e-16,1.0
Detached,Downtown,2343.0,ASAP,Lawn Signs,Own,Email,Rain,1.69,45-54,False,Sunday,-2.4492935982947064e-16,1.0
Townhouse,West End,854.0,Flexible,Word of Mouth/Referral,Own,SMS,Sunny,6.74,45-54,False,Wednesday,0.8660254037844386,0.5000000000000001
Apartment,Calvin Park,810.0,1 month,Lawn Signs,Recently Purchased,SMS,Cloudy,1.22,45-54,False,Sunday,-2.4492935982947064e-16,1.0
Semi-Detached,Downtown,314.0,1 month,Facebook Ads,Own,SMS,Cloudy,4.14,35-44,True,Monday,0.49999999999999994,0.8660254037844387
Apartment,Calvin Park,709.0,1-2 weeks,Word of Mouth/Referral,Own,Email,Rain,3.68,25-34,True,Thursday,0.8660254037844386,0.5000000000000001
Detached,Downtown,2123.0,Flexible,Door-to-Door,Recently Purchased,SMS,Sunny,4.19,25-34,False,Monday,-2.4492935982947064e-16,1.0
Apartment,Calvin Park,370.0,Flexible,Lawn Signs,Own,Email,Rain,3.12,55-64,True,Friday,0.49999999999999994,0.8660254037844387
Apartment,Sydenham Ward,586.0,ASAP,Door-to-Door,Own,Phone Call,Sunny,4.01,55-64,True,Saturday,0.8660254037844386,0.5000000000000001
Detached,Calvin Park,1153.0,ASAP,Facebook Ads,Rent,Phone Call,Sunny,0.2,35-44,False,Tuesday,0.8660254037844386,0.5000000000000001
Apartment,Strathcona Park,690.0,1-2 weeks,Lawn Signs,Own,Phone Call,Windy,4.43,25-34,True,Friday,0.8660254037844386,0.5000000000000001
Semi-Detached,West End,1559.0,Flexible,Word of Mouth/Referral,Own,Phone Call,Rain,6.56,35-44,False,Thursday,-2.4492935982947064e-16,1.0
Apartment,Downtown,896.0,1-2 weeks,Word of Mouth/Referral,Own,SMS,Snow,5.96,35-44,False,Monday,0.49999999999999994,0.8660254037844387
Detached,West End,1780.0,ASAP,Facebook Ads,Own,Email,Snow,3.7,45-54,True,Thursday,0.8660254037844386,0.5000000000000001
Apartment,Sydenham Ward,825.0,ASAP,Lawn Signs,Recently Purchased,SMS,Cloudy,1.65,55-64,False,Thursday,-2.4492935982947064e-16,1.0
Detached,Sydenham Ward,1475.0,1-2 weeks,Facebook Ads,Own,Email,Cloudy,2.88,25-34,True,Friday,-2.4492935982947064e-16,1.0
Detached,Calvin Park,1071.0,ASAP,Lawn Signs,Own,Email,Windy,2.29,35-44,False,Tuesday,0.8660254037844386,0.5000000000000001
Townhouse,Downtown,751.0,1 month,Word of Mouth/Referral,Own,Phone Call,Rain,2.66,18-24,False,Tuesday,0.49999999999999994,0.8660254037844387
Detached,Portsmouth Village,1829.0,Flexible,Door-to-Door,Recently Purchased,SMS,Cloudy,3.78,45-54,False,Wednesday,0.8660254037844386,0.5000000000000001
Detached,West End,2593.0,ASAP,Lawn Signs,Own,Phone Call,Sunny,4.88,25-34,False,Saturday,-2.4492935982947064e-16,1.0
Detached,Calvin Park,1894.0,1 month,Word of Mouth/Referral,Rent,Email,Snow,1.07,45-54,False,Monday,-2.4492935982947064e-16,1.0
Detached,Downtown,1859.0,1-2 weeks,Facebook Ads,Rent,Email,Snow,3.41,35-44,True,Saturday,0.8660254037844386,0.5000000000000001
Townhouse,Sydenham Ward,1795.0,Flexible,Word of Mouth/Referral,Own,SMS,Cloudy,5.22,35-44,True,Monday,0.49999999999999994,0.8660254037844387
Detached,Downtown,2066.0,1 month,Door-to-Door,Rent,Email,Windy,2.02,35-44,False,Monday,1.0,6.123233995736766e-17
Apartment,West End,429.0,1 month,Lawn Signs,Own,Phone Call,Rain,0.2,35-44,False,Monday,0.49999999999999994,0.8660254037844387
Townhouse,Downtown,929.0,1 month,Door-to-Door,Recently Purchased,SMS,Sunny,5.69,25-34,True,Tuesday,0.8660254037844386,0.5000000000000001
Townhouse,Strathcona Park,1252.0,1 month,Lawn Signs,Own,Phone Call,Windy,2.4,45-54,False,Tuesday,1.0,6.123233995736766e-17
Semi-Detached,West End,1284.0,Flexible,Facebook Ads,Recently Purchased,Email,Cloudy,3.38,45-54,True,Saturday,0.8660254037844386,0.5000000000000001
Townhouse,Strathcona Park,1501.0,ASAP,Facebook Ads,Recently Purchased,Phone Call,Sunny,5.02,65+,False,Sunday,0.8660254037844386,0.5000000000000001
Detached,Strathcona Park,1928.0,1 month,Lawn Signs,Rent,Phone Call,Rain,2.18,35-44,True,Monday,0.8660254037844386,0.5000000000000001
Semi-Detached,West End,424.0,ASAP,Lawn Signs,Rent,SMS,Sunny,3.83,45-54,False,Tuesday,0.8660254037844386,0.5000000000000001
Townhouse,Strathcona Park,791.0,Flexible,Lawn Signs,Own,SMS,Cloudy,1.54,18-24,False,Saturday,-2.4492935982947064e-16,1.0
Apartment,Downtown,500.0,ASAP,Facebook Ads,Rent,Phone Call,Sunny,2.74,25-34,False,Wednesday,0.8660254037844386,0.5000000000000001
Apartment,Portsmouth Village,1070.0,1-2 weeks,Facebook Ads,Rent,Phone Call,Windy,5.18,35-44,True,Saturday,-2.4492935982947064e-16,1.0
Townhouse,Portsmouth Village,1003.0,Flexible,Facebook Ads,Rent,Phone Call,Snow,4.81,55-64,False,Thursday,0.8660254037844386,0.5000000000000001
Semi-Detached,West End,1824.0,1-2 weeks,Door-to-Door,Own,Email,Windy,2.44,45-54,False,Monday,0.49999999999999994,0.8660254037844387
Semi-Detached,West End,1499.0,Flexible,Facebook Ads,Own,SMS,Cloudy,6.68,18-24,False,Saturday,0.8660254037844386,0.5000000000000001
Townhouse,West End,1743.0,1-2 weeks,Lawn Signs,Rent,Email,Rain,4.92,18-24,False,Wednesday,-2.4492935982947064e-16,1.0
Semi-Detached,Calvin Park,967.0,1 month,Door-to-Door,Rent,SMS,Sunny,6.94,45-54,False,Friday,0.49999999999999994,0.8660254037844387
Detached,Sydenham Ward,2335.0,1-2 weeks,Facebook Ads,Own,Email,Rain,3.19,35-44,False,Monday,0.49999999999999994,0.8660254037844387
Apartment,Downtown,509.0,1-2 weeks,Door-to-Door,Own,Email,Rain,2.39,18-24,True,Tuesday,-2.4492935982947064e-16,1.0
Townhouse,Strathcona Park,531.0,ASAP,Door-to-Door,Rent,Email,Rain,5.55,45-54,True,Sunday,0.8660254037844386,0.5000000000000001
Apartment,Downtown,212.0,1-2 weeks,Door-to-Door,Own,SMS,Cloudy,4.49,35-44,False,Wednesday,-2.4492935982947064e-16,1.0
Townhouse,Strathcona Park,932.0,ASAP,Door-to-Door,Own,SMS,Rain,2.76,45-54,False,Thursday,0.49999999999999994,0.8660254037844387
Townhouse,Sydenham Ward,1512.0,Flexible,Facebook Ads,Own,SMS,Sunny,7.09,55-64,False,Saturday,-2.4492935982947064e-16,1.0
Heritage Home,Sydenham Ward,1944.0,ASAP,Facebook Ads,Own,SMS,Cloudy,7.46,55-64,True,Sunday,-2.4492935982947064e-16,1.0
Townhouse,West End,2247.0,1-2 weeks,Word of Mouth/Referral,Rent,SMS,Sunny,4.45,55-64,False,Monday,-2.4492935982947064e-16,1.0
Detached,Calvin Park,1204.0,1 month,Facebook Ads,Own,SMS,Sunny,3.69,45-54,False,Sunday,0.8660254037844386,0.5000000000000001
Detached,Strathcona Park,1534.0,Flexible,Lawn Signs,Own,SMS,Sunny,0.93,35-44,True,Friday,-2.4492935982947064e-16,1.0
Townhouse,West End,1207.0,1 month,Facebook Ads,Own,SMS,Sunny,0.97,45-54,False,Thursday,0.49999999999999994,0.8660254037844387
Semi-Detached,West End,839.0,ASAP,Lawn Signs,Rent,SMS,Sunny,0.47,55-64,True,Monday,-2.4492935982947064e-16,1.0
Townhouse,West End,1139.0,ASAP,Facebook Ads,Own,Phone Call,Cloudy,5.29,25-34,False,Tuesday,-2.4492935982947064e-16,1.0
Detached,Strathcona Park,1884.0,1 month,Facebook Ads,Own,SMS,Cloudy,3.92,35-44,False,Monday,-2.4492935982947064e-16,1.0
Detached,Portsmouth Village,2367.0,1-2 weeks,Door-to-Door,Recently Purchased,SMS,Rain,1.99,35-44,False,Sunday,0.8660254037844386,0.5000000000000001
Detached,Sydenham Ward,1569.0,Flexible,Lawn Signs,Own,SMS,Sunny,3.32,18-24,False,Thursday,0.49999999999999994,0.8660254037844387
Detached,Sydenham Ward,1448.0,1 month,Facebook Ads,Own,Phone Call,Cloudy,3.89,25-34,False,Saturday,-2.4492935982947064e-16,1.0
Heritage Home,Downtown,1893.0,1 month,Facebook Ads,Own,Email,Sunny,2.76,25-34,False,Friday,-2.4492935982947064e-16,1.0
Townhouse,Downtown,968.0,Flexible,Facebook Ads,Own,SMS,Sunny,1.06,25-34,False,Sunday,0.8660254037844386,0.5000000000000001
Semi-Detached,Sydenham Ward,1366.0,1-2 weeks,Facebook Ads,Own,SMS,Sunny,0.2,18-24,False,Friday,0.49999999999999994,0.8660254037844387
Semi-Detached,Strathcona Park,1437.0,Flexible,Lawn Signs,Own,Phone Call,Windy,6.45,45-54,True,Saturday,-2.4492935982947064e-16,1.0
Townhouse,Downtown,537.0,ASAP,Facebook Ads,Rent,SMS,Cloudy,3.99,45-54,True,Thursday,-2.4492935982947064e-16,1.0
Heritage Home,Sydenham Ward,1453.0,Flexible,Facebook Ads,Own,Phone Call,Cloudy,3.6,55-64,True,Wednesday,-2.4492935982947064e-16,1.0
Heritage Home,West End,3499.0,ASAP,Facebook Ads,Own,SMS,Sunny,1.33,55-64,False,Sunday,0.8660254037844386,0.5000000000000001
Detached,Strathcona Park,944.0,1 month,Facebook Ads,Own,Phone Call,Rain,2.26,25-34,True,Tuesday,0.8660254037844386,0.5000000000000001
Townhouse,West End,747.0,1-2 weeks,Facebook Ads,Own,Email,Sunny,5.16,35-44,True,Thursday,0.8660254037844386,0.5000000000000001
Apartment,West End,207.0,1-2 weeks,Facebook Ads,Own,SMS,Sunny,1.11,18-24,False,Friday,-2.4492935982947064e-16,1.0
Detached,Strathcona Park,1197.0,1 month,Facebook Ads,Own,Email,Rain,2.66,35-44,False,Wednesday,1.0,6.123233995736766e-17
Semi-Detached,Calvin Park,1248.0,ASAP,Door-to-Door,Own,SMS,Rain,3.32,18-24,False,Sunday,0.49999999999999994,0.8660254037844387
Detached,Sydenham Ward,2347.0,ASAP,Facebook Ads,Own,Phone Call,Sunny,2.22,55-64,False,Saturday,-2.4492935982947064e-16,1.0
Apartment,Strathcona Park,268.0,Flexible,Facebook Ads,Own,SMS,Sunny,4.74,35-44,False,Wednesday,0.8660254037844386,0.5000000000000001
Detached,Calvin Park,1569.0,1-2 weeks,Door-to-Door,Own,SMS,Cloudy,0.66,35-44,False,Wednesday,0.49999999999999994,0.8660254037844387
Detached,West End,2866.0,ASAP,Lawn Signs,Own,SMS,Sunny,7.26,35-44,True,Saturday,0.49999999999999994,0.8660254037844387
Apartment,Calvin Park,600.0,1 month,Facebook Ads,Rent,SMS,Sunny,0.86,65+,True,Friday,0.49999999999999994,0.8660254037844387
Detached,Strathcona Park,1241.0,Flexible,Facebook Ads,Own,Email,Windy,4.7,25-34,True,Tuesday,-2.4492935982947064e-16,1.0
Detached,West End,2678.0,1-2 weeks,Door-to-Door,Rent,SMS,Sunny,1.09,55-64,False,Thursday,0.49999999999999994,0.8660254037844387
Detached,West End,2056.0,ASAP,Word of Mouth/Referral,Own,SMS,Cloudy,5.79,45-54,True,Sunday,0.49999999999999994,0.8660254037844387
Detached,West End,1034.0,Flexible,Door-to-Door,Own,Phone Call,Sunny,3.05,35-44,False,Thursday,-2.4492935982947064e-16,1.0
Heritage Home,Downtown,2670.0,Flexible,Facebook Ads,Recently Purchased,SMS,Cloudy,3.0,18-24,False,Sunday,0.49999999999999994,0.8660254037844387
Apartment,Portsmouth Village,855.0,ASAP,Lawn Signs,Own,SMS,Sunny,2.44,18-24,False,Saturday,0.49999999999999994,0.8660254037844387
Detached,Portsmouth Village,2138.0,1-2 weeks,Facebook Ads,Own,Email,Rain,3.525,35-44,False,Wednesday,0.49999999999999994,0.8660254037844387
Apartment,West End,842.0,Flexible,Facebook Ads,Rent,Email,Cloudy,4.82,55-64,False,Saturday,0.49999999999999994,0.8660254037844387
Detached,Downtown,1424.0,1 month,Facebook Ads,Own,Email,Windy,2.96,18-24,True,Monday,-2.4492935982947064e-16,1.0
Semi-Detached,West End,2206.0,1-2 weeks,Facebook Ads,Own,Email,Rain,3.36,25-34,True,Sunday,-2.4492935982947064e-16,1.0
Apartment,Strathcona Park,858.0,1-2 weeks,Door-to-Door,Own,Email,Cloudy,3.6,35-44,False,Monday,0.8660254037844386,0.5000000000000001
Townhouse,West End,1755.0,1-2 weeks,Lawn Signs,Rent,SMS,Cloudy,2.1,35-44,True,Friday,0.8660254037844386,0.5000000000000001
Semi-Detached,Calvin Park,754.0,1 month,Door-to-Door,Recently Purchased,Email,Rain,6.17,65+,True,Monday,0.8660254037844386,0.5000000000000001
Townhouse,Sydenham Ward,1939.0,ASAP,Facebook Ads,Own,Email,Cloudy,2.72,35-44,True,Monday,1.0,6.123233995736766e-17
Townhouse,West End,1053.0,ASAP,Lawn Signs,Own,Email,Windy,5.35,55-64,True,Monday,0.49999999999999994,0.8660254037844387
Detached,Downtown,1944.0,Flexible,Word of Mouth/Referral,Rent,SMS,Sunny,4.23,35-44,False,Tuesday,0.49999999999999994,0.8660254037844387
Apartment,West End,700.0,ASAP,Facebook Ads,Own,SMS,Sunny,5.06,18-24,False,Friday,0.49999999999999994,0.8660254037844387
Apartment,Calvin Park,628.0,1-2 weeks,Facebook Ads,Own,SMS,Sunny,0.28,45-54,True,Tuesday,0.49999999999999994,0.8660254037844387
Detached,Sydenham Ward,2688.0,1 month,Door-to-Door,Rent,Phone Call,Rain,4.99,18-24,True,Sunday,0.8660254037844386,0.5000000000000001
Semi-Detached,Downtown,959.0,1 month,Word of Mouth/Referral,Own,SMS,Cloudy,2.96,18-24,True,Thursday,0.8660254037844386,0.5000000000000001
Townhouse,West End,891.0,Flexible,Facebook Ads,Own,Email,Sunny,6.45,25-34,True,Friday,0.8660254037844386,0.5000000000000001
Detached,Portsmouth Village,1604.0,1 month,Word of Mouth/Referral,Own,SMS,Cloudy,3.53,65+,False,Sunday,-2.4492935982947064e-16,1.0
Detached,Portsmouth Village,975.0,ASAP,Facebook Ads,Rent,SMS,Sunny,4.82,35-44,False,Thursday,-2.4492935982947064e-16,1.0
Detached,Sydenham Ward,1549.0,Flexible,Lawn Signs,Recently Purchased,Email,Sunny,7.78,45-54,False,Friday,0.8660254037844386,0.5000000000000001
Apartment,Downtown,876.0,1-2 weeks,Door-to-Door,Own,Phone Call,Cloudy,3.61,25-34,True,Saturday,-2.4492935982947064e-16,1.0
Semi-Detached,Portsmouth Village,874.0,1-2 weeks,Word of Mouth/Referral,Own,Phone Call,Rain,3.94,45-54,True,Monday,0.8660254037844386,0.5000000000000001
Heritage Home,Downtown,1137.0,1 month,Facebook Ads,Own,SMS,Sunny,0.2,25-34,False,Monday,0.8660254037844386,0.5000000000000001
Detached,Downtown,1304.0,1-2 weeks,Lawn Signs,Own,SMS,Sunny,3.71,55-64,True,Wednesday,-2.4492935982947064e-16,1.0
Townhouse,Strathcona Park,1079.0,Flexible,Facebook Ads,Own,Email,Cloudy,0.32,35-44,False,Monday,0.8660254037844386,0.5000000000000001
Townhouse,Portsmouth Village,766.0,Flexible,Word of Mouth/Referral,Own,Email,Sunny,7.06,55-64,True,Friday,0.49999999999999994,0.8660254037844387
Townhouse,Portsmouth Village,1263.0,1 month,Lawn Signs,Own,SMS,Cloudy,5.03,35-44,False,Thursday,0.8660254037844386,0.5000000000000001
Apartment,West End,956.0,1-2 weeks,Facebook Ads,Own,SMS,Rain,6.69,35-44,False,Thursday,0.49999999999999994,0.8660254037844387
Detached,Calvin Park,1919.0,1 month,Facebook Ads,Own,SMS,Windy,4.91,35-44,False,Tuesday,0.49999999999999994,0.8660254037844387
Semi-Detached,Sydenham Ward,1804.0,Flexible,Word of Mouth/Referral,Own,SMS,Snow,6.21,35-44,False,Saturday,-2.4492935982947064e-16,1.0
Apartment,Downtown,700.0,ASAP,Lawn Signs,Own,Phone Call,Rain,4.36,65+,True,Wednesday,-2.4492935982947064e-16,1.0
Townhouse,Sydenham Ward,1962.0,1-2 weeks,Facebook Ads,Rent,Phone Call,Rain,0.65,18-24,False,Sunday,-2.4492935982947064e-16,1.0
Semi-Detached,Sydenham Ward,1320.0,ASAP,Facebook Ads,Own,Phone Call,Sunny,5.44,25-34,False,Saturday,0.8660254037844386,0.5000000000000001
Semi-Detached,West End,1774.0,Flexible,Door-to-Door,Rent,SMS,Snow,4.87,25-34,False,Tuesday,-2.4492935982947064e-16,1.0
Detached,West End,1631.0,ASAP,Word of Mouth/Referral,Own,Phone Call,Cloudy,2.84,35-44,False,Sunday,0.8660254037844386,0.5000000000000001
Townhouse,Strathcona Park,1173.0,ASAP,Facebook Ads,Rent,Phone Call,Sunny,3.9,18-24,False,Sunday,-2.4492935982947064e-16,1.0
Detached,West End,2481.0,1 month,Lawn Signs,Rent,Phone Call,Windy,3.96,55-64,False,Wednesday,0.49999999999999994,0.8660254037844387
Semi-Detached,Sydenham Ward,1354.0,1 month,Door-to-Door,Own,SMS,Rain,1.34,45-54,False,Monday,-2.4492935982947064e-16,1.0
Semi-Detached,Calvin Park,2049.0,1-2 weeks,Facebook Ads,Own,SMS,Rain,5.53,25-34,False,Monday,-2.4492935982947064e-16,1.0
Apartment,West End,794.0,ASAP,Door-to-Door,Own,Phone Call,Snow,0.54,45-54,True,Friday,0.49999999999999994,0.8660254037844387
Semi-Detached,West End,1421.0,1-2 weeks,Lawn Signs,Own,SMS,Sunny,4.06,55-64,True,Friday,0.8660254037844386,0.5000000000000001
Detached,Portsmouth Village,960.0,1 month,Facebook Ads,Own,SMS,Cloudy,2.95,55-64,True,Sunday,0.8660254037844386,0.5000000000000001
Detached,Sydenham Ward,1953.0,1-2 weeks,Facebook Ads,Own,Email,Rain,4.87,65+,False,Sunday,1.0,6.123233995736766e-17
Apartment,Sydenham Ward,613.0,1 month,Lawn Signs,Rent,Phone Call,Windy,1.87,25-34,False,Saturday,0.49999999999999994,0.8660254037844387
Detached,Portsmouth Village,1051.0,Flexible,Facebook Ads,Own,SMS,Sunny,0.2,25-34,True,Tuesday,0.8660254037844386,0.5000000000000001
Detached,West End,1703.0,1-2 weeks,Lawn Signs,Own,Email,Cloudy,1.87,18-24,True,Tuesday,-2.4492935982947064e-16,1.0
Semi-Detached,Sydenham Ward,920.0,Flexible,Door-to-Door,Own,Email,Cloudy,5.09,25-34,False,Wednesday,0.49999999999999994,0.8660254037844387
Detached,Downtown,1889.0,Flexible,Door-to-Door,Own,Email,Sunny,1.38,45-54,False,Friday,-2.4492935982947064e-16,1.0
Semi-Detached,West End,1165.0,ASAP,Facebook Ads,Recently Purchased,Email,Cloudy,0.2,55-64,True,Sunday,1.0,6.123233995736766e-17
Detached,Sydenham Ward,1414.0,1 month,Door-to-Door,Own,Email,Windy,3.6,45-54,False,Tuesday,0.8660254037844386,0.5000000000000001
Detached,Calvin Park,1942.0,ASAP,Lawn Signs,Rent,Email,Sunny,1.4,35-44,False,Saturday,0.49999999999999994,0.8660254037844387
Semi-Detached,Downtown,1282.0,Flexible,Door-to-Door,Own,SMS,Snow,1.56,45-54,False,Saturday,0.49999999999999994,0.8660254037844387
Detached,Downtown,935.0,ASAP,Lawn Signs,Own,Email,Cloudy,8.49,55-64,False,Sunday,0.8660254037844386,0.5000000000000001
Apartment,Downtown,887.0,1 month,Facebook Ads,Recently Purchased,SMS,Windy,0.47,45-54,False,Thursday,-2.4492935982947064e-16,1.0
Detached,West End,2448.0,1-2 weeks,Facebook Ads,Own,Phone Call,Rain,3.67,25-34,True,Sunday,-2.4492935982947064e-16,1.0
Townhouse,Strathcona Park,1417.0,1-2 weeks,Facebook Ads,Own,Email,Snow,5.16,25-34,False,Friday,-2.4492935982947064e-16,1.0
Apartment,West End,736.0,1 month,Facebook Ads,Own,Email,Sunny,7.47,65+,True,Friday,0.8660254037844386,0.5000000000000001
Townhouse,West End,425.0,Flexible,Facebook Ads,Own,SMS,Sunny,5.66,35-44,False,Saturday,0.49999999999999994,0.8660254037844387
Detached,Sydenham Ward,1221.0,Flexible,Facebook Ads,Own,Email,Cloudy,3.86,35-44,True,Sunday,-2.4492935982947064e-16,1.0
Apartment,Calvin Park,773.0,ASAP,Door-to-Door,Recently Purchased,SMS,Sunny,2.87,65+,True,Tuesday,0.8660254037844386,0.5000000000000001
Semi-Detached,Calvin Park,1357.0,1 month,Facebook Ads,Own,Email,Cloudy,3.34,55-64,True,Thursday,-2.4492935982947064e-16,1.0
Semi-Detached,West End,1645.0,1-2 weeks,Facebook Ads,Recently Purchased,SMS,Sunny,5.44,18-24,True,Monday,-2.4492935982947064e-16,1.0
Heritage Home,Strathcona Park,1380.0,1-2 weeks,Facebook Ads,Own,Email,Sunny,6.34,45-54,False,Monday,0.8660254037844386,0.5000000000000001
Semi-Detached,Strathcona Park,1614.0,Flexible,Facebook Ads,Rent,Email,Snow,1.82,65+,False,Thursday,0.8660254037844386,0.5000000000000001
Semi-Detached,Downtown,975.0,1 month,Lawn Signs,Own,Phone Call,Cloudy,0.24,25-34,True,Saturday,0.49999999999999994,0.8660254037844387
Detached,Strathcona Park,1646.0,1-2 weeks,Facebook Ads,Rent,Email,Sunny,4.15,25-34,True,Tuesday,0.49999999999999994,0.8660254037844387
Detached,Downtown,2139.0,Flexible,Door-to-Door,Own,SMS,Sunny,2.52,45-54,False,Monday,-2.4492935982947064e-16,1.0
Detached,Downtown,1590.0,1-2 weeks,Lawn Signs,Rent,Phone Call,Cloudy,5.51,55-64,False,Wednesday,-2.4492935982947064e-16,1.0
Townhouse,Strathcona Park,2101.0,Flexible,Facebook Ads,Own,SMS,Sunny,0.2,45-54,False,Friday,0.49999999999999994,0.8660254037844387
Detached,Sydenham Ward,3046.0,Flexible,Lawn Signs,Own,Email,Snow,4.24,25-34,False,Monday,1.0,6.123233995736766e-17
Semi-Detached,West End,1631.0,Flexible,Word of Mouth/Referral,Own,SMS,Rain,5.06,18-24,False,Wednesday,-2.4492935982947064e-16,1.0
Townhouse,West End,728.0,1-2 weeks,Lawn Signs,Rent,Phone Call,Snow,1.19,65+,True,Wednesday,-2.4492935982947064e-16,1.0
Semi-Detached,Downtown,1914.0,1 month,Word of Mouth/Referral,Recently Purchased,Phone Call,Sunny,1.54,45-54,True,Tuesday,0.49999999999999994,0.8660254037844387
Townhouse,Downtown,812.0,1-2 weeks,Facebook Ads,Own,Email,Snow,2.18,55-64,False,Wednesday,0.49999999999999994,0.8660254037844387
Townhouse,Calvin Park,944.0,1-2 weeks,Door-to-Door,Rent,SMS,Rain,4.08,35-44,True,Tuesday,0.8660254037844386,0.5000000000000001
Semi-Detached,West End,1425.0,Flexible,Lawn Signs,Own,SMS,Rain,3.68,45-54,False,Saturday,-2.4492935982947064e-16,1.0
Detached,Downtown,2066.0,1-2 weeks,Door-to-Door,Own,SMS,Windy,5.6,25-34,True,Tuesday,0.49999999999999994,0.8660254037844387
Detached,Sydenham Ward,1996.0,ASAP,Door-to-Door,Own,Email,Sunny,4.14,65+,False,Saturday,0.49999999999999994,0.8660254037844387
Detached,West End,3616.0,Flexible,Lawn Signs,Rent,Phone Call,Cloudy,4.73,55-64,True,Friday,-2.4492935982947064e-16,1.0
Semi-Detached,Downtown,2326.0,Flexible,Door-to-Door,Own,Phone Call,Rain,5.07,55-64,False,Friday,-2.4492935982947064e-16,1.0
Detached,Calvin Park,2251.0,Flexible,Word of Mouth/Referral,Own,Phone Call,Snow,0.74,35-44,True,Thursday,0.49999999999999994,0.8660254037844387
Detached,West End,2613.0,Flexible,Facebook Ads,Own,Email,Rain,2.01,45-54,True,Saturday,0.8660254037844386,0.5000000000000001
Semi-Detached,Downtown,1133.0,Flexible,Lawn Signs,Own,Phone Call,Sunny,1.99,65+,False,Sunday,0.49999999999999994,0.8660254037844387
Detached,West End,1675.0,ASAP,Lawn Signs,Own,Phone Call,Cloudy,5.03,18-24,False,Wednesday,-2.4492935982947064e-16,1.0
Townhouse,Downtown,1299.0,Flexible,Word of Mouth/Referral,Rent,SMS,Rain,4.86,45-54,True,Saturday,0.49999999999999994,0.8660254037844387
Townhouse,Portsmouth Village,394.0,1 month,Facebook Ads,Own,Email,Cloudy,2.95,25-34,False,Wednesday,0.8660254037844386,0.5000000000000001
Detached,West End,2552.0,Flexible,Door-to-Door,Own,SMS,Sunny,4.95,25-34,False,Monday,0.8660254037844386,0.5000000000000001
Detached,Downtown,1487.0,1-2 weeks,Facebook Ads,Own,Phone Call,Rain,6.38,18-24,False,Tuesday,0.49999999999999994,0.8660254037844387
Semi-Detached,West End,1665.0,ASAP,Facebook Ads,Rent,SMS,Rain,5.21,18-24,False,Saturday,0.49999999999999994,0.8660254037844387
Detached,Calvin Park,894.0,1 month,Facebook Ads,Own,Email,Sunny,4.35,45-54,False,Saturday,0.8660254037844386,0.5000000000000001
Semi-Detached,Calvin Park,1679.0,1 month,Facebook Ads,Own,Phone Call,Cloudy,2.47,25-34,False,Monday,-2.4492935982947064e-16,1.0
Townhouse,Downtown,1609.0,Flexible,Facebook Ads,Recently Purchased,SMS,Sunny,2.69,45-54,True,Saturday,-2.4492935982947064e-16,1.0
Detached,Portsmouth Village,677.0,Flexible,Word of Mouth/Referral,Own,Email,Rain,1.64,18-24,False,Wednesday,-2.4492935982947064e-16,1.0
Apartment,Downtown,949.0,Flexible,Lawn Signs,Own,Phone Call,Sunny,1.18,35-44,False,Tuesday,0.49999999999999994,0.8660254037844387
Semi-Detached,Strathcona Park,1223.0,Flexible,Lawn Signs,Own,SMS,Cloudy,2.97,45-54,False,Thursday,-2.4492935982947064e-16,1.0
Semi-Detached,Downtown,1615.0,Flexible,Door-to-Door,Own,SMS,Snow,2.93,25-34,False,Sunday,0.49999999999999994,0.8660254037844387
Semi-Detached,Downtown,2212.0,Flexible,Facebook Ads,Rent,Email,Snow,0.2,55-64,True,Wednesday,0.49999999999999994,0.8660254037844387
Detached,Portsmouth Village,2433.0,1 month,Word of Mouth/Referral,Rent,Phone Call,Snow,1.33,45-54,False,Tuesday,0.8660254037844386,0.5000000000000001
Detached,Downtown,1316.0,ASAP,Door-to-Door,Own,Phone Call,Cloudy,4.15,45-54,True,Thursday,-2.4492935982947064e-16,1.0
Detached,Strathcona Park,1727.0,1-2 weeks,Facebook Ads,Rent,Email,Cloudy,4.82,65+,False,Monday,0.8660254037844386,0.5000000000000001
Apartment,West End,1056.0,1-2 weeks,Door-to-Door,Own,SMS,Sunny,7.36,55-64,True,Saturday,0.49999999999999994,0.8660254037844387
Townhouse,Sydenham Ward,1499.0,Flexible,Word of Mouth/Referral,Own,Phone Call,Sunny,6.07,45-54,False,Sunday,-2.4492935982947064e-16,1.0
Detached,Sydenham Ward,1509.0,ASAP,Word of Mouth/Referral,Own,Email,Cloudy,6.14,25-34,True,Saturday,0.8660254037844386,0.5000000000000001
Detached,Portsmouth Village,1406.0,ASAP,Facebook Ads,Own,Phone Call,Cloudy,5.84,45-54,False,Saturday,-2.4492935982947064e-16,1.0
Apartment,Strathcona Park,150.0,1 month,Door-to-Door,Rent,Email,Snow,3.12,45-54,False,Friday,0.49999999999999994,0.8660254037844387
Semi-Detached,Downtown,1361.0,Flexible,Facebook Ads,Rent,Phone Call,Cloudy,0.83,65+,True,Tuesday,0.49999999999999994,0.8660254037844387
Detached,Calvin Park,3238.0,ASAP,Word of Mouth/Referral,Own,SMS,Cloudy,4.54,55-64,False,Friday,0.49999999999999994,0.8660254037844387
Apartment,Sydenham Ward,767.0,1 month,Lawn Signs,Own,Email,Sunny,4.41,55-64,True,Monday,0.8660254037844386,0.5000000000000001
Detached,Calvin Park,1636.0,1 month,Facebook Ads,Own,SMS,Sunny,2.11,18-24,False,Wednesday,0.49999999999999994,0.8660254037844387
Heritage Home,West End,2628.0,1-2 weeks,Door-to-Door,Rent,Email,Cloudy,2.26,25-34,False,Tuesday,0.49999999999999994,0.8660254037844387
Townhouse,Strathcona Park,592.0,1 month,Word of Mouth/Referral,Own,SMS,Rain,5.38,25-34,False,Tuesday,0.8660254037844386,0.5000000000000001
Semi-Detached,Downtown,1045.0,ASAP,Lawn Signs,Own,Email,Cloudy,2.73,65+,True,Wednesday,0.8660254037844386,0.5000000000000001
Detached,West End,1920.0,1 month,Door-to-Door,Own,SMS,Sunny,2.76,18-24,True,Tuesday,0.49999999999999994,0.8660254037844387
Apartment,West End,759.0,Flexible,Lawn Signs,Own,SMS,Sunny,0.94,55-64,False,Thursday,-2.4492935982947064e-16,1.0
Detached,Downtown,1817.0,Flexible,Word of Mouth/Referral,Rent,Email,Cloudy,1.13,25-34,True,Monday,0.8660254037844386,0.5000000000000001
Apartment,West End,374.0,Flexible,Facebook Ads,Own,SMS,Cloudy,0.81,45-54,True,Monday,-2.4492935982947064e-16,1.0
Townhouse,Sydenham Ward,1178.0,Flexible,Lawn Signs,Recently Purchased,Email,Windy,7.97,55-64,True,Thursday,0.8660254037844386,0.5000000000000001
Heritage Home,Sydenham Ward,2937.0,Flexible,Door-to-Door,Own,Phone Call,Sunny,3.11,35-44,False,Wednesday,0.49999999999999994,0.8660254037844387
Detached,Calvin Park,824.0,1-2 weeks,Facebook Ads,Recently Purchased,SMS,Rain,4.79,35-44,False,Friday,0.49999999999999994,0.8660254037844387
Semi-Detached,Downtown,1453.0,1-2 weeks,Lawn Signs,Own,SMS,Sunny,4.48,35-44,True,Sunday,0.8660254037844386,0.5000000000000001
Semi-Detached,Portsmouth Village,1721.0,1-2 weeks,Facebook Ads,Own,SMS,Windy,3.94,45-54,False,Wednesday,0.8660254037844386,0.5000000000000001
Semi-Detached,Portsmouth Village,473.0,Flexible,Door-to-Door,Own,Phone Call,Sunny,1.57,55-64,True,Thursday,0.49999999999999994,0.8660254037844387
Detached,Downtown,1821.0,ASAP,Facebook Ads,Own,SMS,Sunny,0.2,35-44,True,Sunday,0.49999999999999994,0.8660254037844387
Townhouse,Downtown,1235.0,1 month,Door-to-Door,Own,SMS,Rain,4.02,25-34,False,Monday,0.49999999999999994,0.8660254037844387
Detached,Downtown,1104.0,1 month,Facebook Ads,Recently Purchased,Email,Snow,6.91,25-34,True,Sunday,-2.4492935982947064e-16,1.0
Apartment,Downtown,573.0,Flexible,Word of Mouth/Referral,Rent,SMS,Cloudy,2.66,25-34,True,Saturday,-2.4492935982947064e-16,1.0
Semi-Detached,Portsmouth Village,837.0,1 month,Door-to-Door,Own,SMS,Windy,1.57,45-54,False,Tuesday,1.0,6.123233995736766e-17
Semi-Detached,Strathcona Park,1464.0,ASAP,Word of Mouth/Referral,Rent,Email,Windy,4.52,18-24,True,Thursday,0.8660254037844386,0.5000000000000001
Semi-Detached,Downtown,2149.0,1 month,Facebook Ads,Own,SMS,Cloudy,2.94,35-44,True,Monday,0.8660254037844386,0.5000000000000001
Apartment,West End,955.0,1-2 weeks,Door-to-Door,Own,Email,Cloudy,2.47,55-64,True,Sunday,0.8660254037844386,0.5000000000000001
Detached,West End,1429.0,1 month,Facebook Ads,Own,Email,Sunny,4.11,18-24,False,Sunday,0.49999999999999994,0.8660254037844387
Semi-Detached,West End,1821.0,Flexible,Lawn Signs,Rent,Phone Call,Windy,4.12,45-54,True,Saturday,-2.4492935982947064e-16,1.0
Detached,Downtown,1765.0,1-2 weeks,Facebook Ads,Own,Phone Call,Cloudy,3.52,35-44,False,Saturday,0.8660254037844386,0.5000000000000001
Detached,Strathcona Park,1996.0,1 month,Facebook Ads,Own,Phone Call,Sunny,6.28,25-34,False,Thursday,0.49999999999999994,0.8660254037844387
Townhouse,Portsmouth Village,989.0,Flexible,Door-to-Door,Own,Email,Sunny,2.25,55-64,False,Wednesday,1.0,6.123233995736766e-17
Apartment,Strathcona Park,774.0,Flexible,Lawn Signs,Own,Phone Call,Cloudy,3.66,18-24,True,Thursday,-2.4492935982947064e-16,1.0
Townhouse,Sydenham Ward,1396.0,ASAP,Facebook Ads,Own,Email,Windy,6.94,55-64,False,Monday,0.49999999999999994,0.8660254037844387
Apartment,Sydenham Ward,340.0,Flexible,Facebook Ads,Own,Phone Call,Cloudy,1.85,35-44,False,Sunday,-2.4492935982947064e-16,1.0
Detached,Downtown,2554.0,Flexible,Facebook Ads,Own,Email,Sunny,5.15,25-34,False,Friday,-2.4492935982947064e-16,1.0
Apartment,Downtown,941.0,1-2 weeks,Door-to-Door,Own,Phone Call,Cloudy,0.3,55-64,True,Tuesday,0.8660254037844386,0.5000000000000001
Heritage Home,Downtown,3139.0,ASAP,Facebook Ads,Recently Purchased,Phone Call,Snow,4.54,55-64,True,Monday,0.49999999999999994,0.8660254037844387
Detached,West End,1660.0,1-2 weeks,Word of Mouth/Referral,Own,SMS,Snow,5.8,25-34,False,Friday,0.49999999999999994,0.8660254037844387
Townhouse,West End,1940.0,ASAP,Facebook Ads,Own,SMS,Rain,4.22,35-44,False,Wednesday,0.8660254037844386,0.5000000000000001
Townhouse,Portsmouth Village,1418.0,Flexible,Facebook Ads,Own,SMS,Cloudy,1.23,65+,False,Saturday,0.49999999999999994,0.8660254037844387
Apartment,Sydenham Ward,682.0,1-2 weeks,Facebook Ads,Own,Phone Call,Sunny,5.23,35-44,False,Tuesday,-2.4492935982947064e-16,1.0
Detached,Sydenham Ward,2862.0,1 month,Word of Mouth/Referral,Own,SMS,Cloudy,3.91,55-64,True,Friday,-2.4492935982947064e-16,1.0
Semi-Detached,Sydenham Ward,1548.0,Flexible,Door-to-Door,Own,Email,Windy,1.65,35-44,False,Thursday,0.49999999999999994,0.8660254037844387
Detached,West End,1277.0,ASAP,Lawn Signs,Rent,Phone Call,Rain,5.43,65+,True,Friday,0.8660254037844386,0.5000000000000001
Apartment,Portsmouth Village,804.0,1 month,Facebook Ads,Rent,Phone Call,Sunny,3.04,55-64,False,Tuesday,0.49999999999999994,0.8660254037844387
Heritage Home,Downtown,2363.0,1-2 weeks,Facebook Ads,Own,Phone Call,Snow,3.46,65+,True,Wednesday,0.49999999999999994,0.8660254037844387
Detached,Strathcona Park,1766.0,1-2 weeks,Facebook Ads,Own,SMS,Cloudy,3.46,45-54,True,Wednesday,0.49999999999999994,0.8660254037844387
Heritage Home,West End,2988.0,Flexible,Door-to-Door,Own,Email,Sunny,4.44,55-64,False,Monday,-2.4492935982947064e-16,1.0
Apartment,Calvin Park,424.0,1 month,Lawn Signs,Rent,Email,Cloudy,6.1,65+,False,Thursday,0.8660254037844386,0.5000000000000001
Detached,West End,2433.0,1-2 weeks,Door-to-Door,Own,SMS,Rain,2.03,65+,True,Saturday,-2.4492935982947064e-16,1.0
Apartment,West End,604.0,1 month,Door-to-Door,Own,Email,Snow,6.87,65+,False,Sunday,-2.4492935982947064e-16,1.0
Semi-Detached,Sydenham Ward,1703.0,1-2 weeks,Facebook Ads,Own,SMS,Rain,4.11,45-54,True,Thursday,-2.4492935982947064e-16,1.0
Detached,Calvin Park,1316.0,1-2 weeks,Lawn Signs,Own,SMS,Rain,5.8,35-44,False,Sunday,0.49999999999999994,0.8660254037844387
Semi-Detached,Downtown,1202.0,1-2 weeks,Facebook Ads,Rent,SMS,Rain,5.73,45-54,False,Sunday,0.8660254037844386,0.5000000000000001
Heritage Home,Downtown,1777.0,1-2 weeks,Door-to-Door,Rent,SMS,Cloudy,3.05,25-34,True,Friday,0.8660254037844386,0.5000000000000001
Detached,Downtown,1578.0,ASAP,Door-to-Door,Own,SMS,Rain,4.74,25-34,True,Friday,0.8660254037844386,0.5000000000000001
Detached,West End,1975.0,Flexible,Word of Mouth/Referral,Rent,SMS,Sunny,5.34,35-44,False,Wednesday,0.8660254037844386,0.5000000000000001
Heritage Home,Downtown,2501.0,Flexible,Word of Mouth/Referral,Own,Email,Sunny,1.87,25-34,False,Monday,0.8660254037844386,0.5000000000000001
Detached,West End,1902.0,1-2 weeks,Word of Mouth/Referral,Rent,Phone Call,Snow,6.15,25-34,False,Monday,1.0,6.123233995736766e-17
Detached,Downtown,1209.0,1 month,Facebook Ads,Own,Phone Call,Cloudy,2.13,55-64,False,Thursday,0.49999999999999994,0.8660254037844387
Apartment,Strathcona Park,542.0,1 month,Facebook Ads,Own,Phone Call,Sunny,2.33,35-44,False,Tuesday,0.8660254037844386,0.5000000000000001
Detached,Downtown,856.0,1-2 weeks,Facebook Ads,Own,Email,Cloudy,3.43,55-64,True,Thursday,0.49999999999999994,0.8660254037844387
Detached,West End,1684.0,Flexible,Facebook Ads,Own,Phone Call,Rain,0.2,55-64,False,Monday,-2.4492935982947064e-16,1.0
Detached,Strathcona Park,2242.0,ASAP,Facebook Ads,Own,Phone Call,Windy,4.66,35-44,True,Friday,-2.4492935982947064e-16,1.0
Semi-Detached,Strathcona Park,994.0,1 month,Facebook Ads,Own,SMS,Cloudy,4.25,35-44,True,Tuesday,0.8660254037844386,0.5000000000000001
Semi-Detached,Portsmouth Village,1019.0,Flexible,Door-to-Door,Rent,SMS,Cloudy,3.01,65+,True,Thursday,0.8660254037844386,0.5000000000000001
Townhouse,Portsmouth Village,1534.0,ASAP,Facebook Ads,Own,Email,Snow,3.525,45-54,True,Tuesday,0.8660254037844386,0.5000000000000001
Detached,Calvin Park,571.0,1-2 weeks,Door-to-Door,Rent,SMS,Cloudy,6.73,65+,False,Tuesday,1.0,6.123233995736766e-17
Townhouse,Downtown,1502.0,ASAP,Lawn Signs,Own,SMS,Cloudy,3.43,55-64,False,Monday,-2.4492935982947064e-16,1.0
Detached,Calvin Park,2221.0,ASAP,Lawn Signs,Own,SMS,Cloudy,3.57,35-44,True,Thursday,0.49999999999999994,0.8660254037844387
Townhouse,Strathcona Park,667.0,1-2 weeks,Facebook Ads,Own,SMS,Cloudy,2.75,65+,False,Tuesday,0.8660254037844386,0.5000000000000001
Apartment,Sydenham Ward,1147.0,1 month,Lawn Signs,Own,Email,Sunny,2.85,25-34,True,Wednesday,0.8660254037844386,0.5000000000000001
Apartment,Calvin Park,202.0,Flexible,Facebook Ads,Recently Purchased,Email,Sunny,3.38,18-24,True,Saturday,0.49999999999999994,0.8660254037844387
Townhouse,Sydenham Ward,1304.0,ASAP,Facebook Ads,Own,Phone Call,Cloudy,3.6,18-24,True,Monday,0.8660254037844386,0.5000000000000001
Semi-Detached,Strathcona Park,1117.0,Flexible,Word of Mouth/Referral,Own,SMS,Cloudy,3.1,65+,False,Saturday,0.49999999999999994,0.8660254037844387
Detached,West End,1647.0,1-2 weeks,Facebook Ads,Own,SMS,Sunny,6.0,65+,True,Saturday,0.8660254037844386,0.5000000000000001
Heritage Home,Calvin Park,1663.0,1 month,Facebook Ads,Own,Email,Cloudy,2.66,18-24,False,Wednesday,0.49999999999999994,0.8660254037844387
Apartment,West End,555.0,1-2 weeks,Lawn Signs,Rent,Email,Snow,3.68,55-64,False,Wednesday,0.8660254037844386,0.5000000000000001
Apartment,Calvin Park,831.0,1-2 weeks,Facebook Ads,Rent,SMS,Sunny,3.42,25-34,True,Tuesday,-2.4492935982947064e-16,1.0
Detached,Downtown,1786.0,Flexible,Lawn Signs,Recently Purchased,Email,Sunny,1.16,45-54,True,Monday,-2.4492935982947064e-16,1.0
Detached,Strathcona Park,2402.0,1-2 weeks,Facebook Ads,Own,SMS,Windy,1.62,65+,True,Monday,-2.4492935982947064e-16,1.0
Detached,Strathcona Park,623.0,Flexible,Word of Mouth/Referral,Own,Phone Call,Sunny,2.1,25-34,False,Monday,1.0,6.123233995736766e-17
Detached,Strathcona Park,2417.0,ASAP,Facebook Ads,Recently Purchased,SMS,Windy,4.29,25-34,False,Monday,0.49999999999999994,0.8660254037844387
Semi-Detached,Downtown,685.0,1 month,Word of Mouth/Referral,Recently Purchased,SMS,Windy,4.02,45-54,True,Monday,-2.4492935982947064e-16,1.0
Townhouse,Strathcona Park,1085.0,1-2 weeks,Word of Mouth/Referral,Own,Email,Rain,6.06,65+,False,Saturday,0.49999999999999994,0.8660254037844387
Heritage Home,West End,1978.0,Flexible,Facebook Ads,Rent,Phone Call,Snow,1.45,35-44,True,Tuesday,-2.4492935982947064e-16,1.0
Detached,Portsmouth Village,809.0,1-2 weeks,Door-to-Door,Recently Purchased,SMS,Cloudy,5.39,18-24,False,Monday,-2.4492935982947064e-16,1.0
Townhouse,Strathcona Park,1582.0,Flexible,Lawn Signs,Own,SMS,Sunny,0.77,55-64,False,Saturday,0.8660254037844386,0.5000000000000001
Detached,Downtown,1499.0,Flexible,Lawn Signs,Rent,SMS,Sunny,5.42,25-34,True,Thursday,-2.4492935982947064e-16,1.0
Detached,Calvin Park,1618.0,Flexible,Door-to-Door,Own,Email,Snow,2.57,35-44,False,Saturday,0.49999999999999994,0.8660254037844387
Detached,Strathcona Park,2098.0,1 month,Facebook Ads,Own,SMS,Cloudy,4.77,55-64,True,Friday,0.49999999999999994,0.8660254037844387
Detached,West End,1775.0,Flexible,Lawn Signs,Own,Email,Rain,3.15,25-34,True,Tuesday,-2.4492935982947064e-16,1.0
Detached,Downtown,1542.0,Flexible,Facebook Ads,Own,Email,Cloudy,5.88,65+,False,Tuesday,0.49999999999999994,0.8660254037844387
Detached,Downtown,2154.0,ASAP,Word of Mouth/Referral,Rent,Phone Call,Windy,5.74,65+,False,Monday,-2.4492935982947064e-16,1.0
Heritage Home,Sydenham Ward,2301.0,ASAP,Facebook Ads,Own,Phone Call,Sunny,4.24,65+,False,Monday,0.49999999999999994,0.8660254037844387
Detached,Calvin Park,1806.0,1-2 weeks,Word of Mouth/Referral,Own,SMS,Snow,2.02,25-34,True,Thursday,0.49999999999999994,0.8660254037844387
Detached,Calvin Park,1703.0,Flexible,Word of Mouth/Referral,Own,Email,Sunny,5.42,65+,True,Saturday,0.49999999999999994,0.8660254037844387
Townhouse,Calvin Park,1095.0,ASAP,Lawn Signs,Rent,SMS,Sunny,5.84,25-34,False,Sunday,-2.4492935982947064e-16,1.0
Detached,Portsmouth Village,1478.0,1 month,Facebook Ads,Own,Email,Cloudy,3.74,25-34,False,Saturday,-2.4492935982947064e-16,1.0
Detached,Sydenham Ward,1778.0,1-2 weeks,Door-to-Door,Own,Phone Call,Windy,4.94,35-44,False,Sunday,-2.4492935982947064e-16,1.0
Detached,Strathcona Park,2357.0,1 month,Lawn Signs,Own,Email,Windy,0.41,35-44,True,Sunday,-2.4492935982947064e-16,1.0
Apartment,Downtown,860.0,Flexible,Lawn Signs,Rent,SMS,Sunny,4.38,45-54,True,Tuesday,-2.4492935982947064e-16,1.0
Townhouse,Sydenham Ward,785.0,1-2 weeks,Facebook Ads,Rent,Email,Snow,5.52,18-24,False,Saturday,0.49999999999999994,0.8660254037844387
Apartment,West End,671.0,Flexible,Word of Mouth/Referral,Own,Email,Cloudy,3.03,55-64,False,Wednesday,-2.4492935982947064e-16,1.0
Heritage Home,Portsmouth Village,1028.0,1 month,Lawn Signs,Own,Phone Call,Windy,3.97,35-44,False,Monday,-2.4492935982947064e-16,1.0
Townhouse,Downtown,1002.0,1 month,Word of Mouth/Referral,Rent,Phone Call,Cloudy,0.2,45-54,False,Thursday,0.49999999999999994,0.8660254037844387
Townhouse,Sydenham Ward,1541.0,1-2 weeks,Door-to-Door,Rent,Phone Call,Sunny,0.43,65+,False,Saturday,0.8660254037844386,0.5000000000000001
Detached,Downtown,2219.0,1 month,Door-to-Door,Own,Phone Call,Cloudy,1.71,65+,False,Sunday,0.49999999999999994,0.8660254037844387
Semi-Detached,Sydenham Ward,1519.0,Flexible,Lawn Signs,Own,Email,Rain,6.07,35-44,False,Thursday,-2.4492935982947064e-16,1.0
Detached,Sydenham Ward,2175.0,Flexible,Door-to-Door,Own,Phone Call,Rain,5.22,45-54,True,Tuesday,0.8660254037844386,0.5000000000000001
Semi-Detached,Strathcona Park,1112.0,1 month,Lawn Signs,Own,SMS,Cloudy,7.37,25-34,True,Thursday,0.49999999999999994,0.8660254037844387
Townhouse,Strathcona Park,1333.0,Flexible,Lawn Signs,Rent,Phone Call,Rain,6.85,25-34,False,Tuesday,-2.4492935982947064e-16,1.0
Apartment,Sydenham Ward,795.0,Flexible,Door-to-Door,Recently Purchased,Phone Call,Rain,4.5,55-64,False,Saturday,0.49999999999999994,0.8660254037844387
Apartment,Calvin Park,922.0,1 month,Facebook Ads,Own,SMS,Sunny,0.2,25-34,False,Monday,-2.4492935982947064e-16,1.0
Townhouse,Downtown,1643.0,1 month,Lawn Signs,Own,Phone Call,Cloudy,1.62,45-54,False,Saturday,0.8660254037844386,0.5000000000000001
Detached,West End,2420.0,1-2 weeks,Word of Mouth/Referral,Rent,Email,Snow,1.83,45-54,True,Tuesday,-2.4492935982947064e-16,1.0
Semi-Detached,West End,1639.0,Flexible,Facebook Ads,Own,Email,Sunny,0.2,25-34,False,Sunday,0.8660254037844386,0.5000000000000001
Apartment,Downtown,736.0,1 month,Facebook Ads,Rent,Email,Rain,2.25,45-54,True,Friday,0.8660254037844386,0.5000000000000001
Apartment,West End,533.0,1-2 weeks,Facebook Ads,Own,Email,Rain,3.78,45-54,False,Saturday,0.8660254037844386,0.5000000000000001
Heritage Home,Downtown,1571.0,1 month,Facebook Ads,Own,Phone Call,Rain,4.19,18-24,False,Tuesday,1.0,6.123233995736766e-17
Apartment,Strathcona Park,755.0,1-2 weeks,Lawn Signs,Own,Email,Sunny,4.37,55-64,False,Wednesday,-2.4492935982947064e-16,1.0
Semi-Detached,Strathcona Park,1602.0,ASAP,Facebook Ads,Recently Purchased,Email,Snow,4.49,35-44,True,Sunday,0.49999999999999994,0.8660254037844387
Detached,West End,2180.0,Flexible,Facebook Ads,Own,Phone Call,Cloudy,0.33,18-24,True,Sunday,-2.4492935982947064e-16,1.0
Apartment,Sydenham Ward,942.0,1 month,Facebook Ads,Own,Phone Call,Rain,1.55,25-34,False,Tuesday,1.0,6.123233995736766e-17
Detached,Portsmouth Village,1129.0,1-2 weeks,Facebook Ads,Recently Purchased,SMS,Sunny,0.56,25-34,False,Wednesday,0.8660254037844386,0.5000000000000001
Townhouse,Strathcona Park,506.0,ASAP,Lawn Signs,Own,Email,Sunny,4.66,35-44,False,Thursday,-2.4492935982947064e-16,1.0
Townhouse,Calvin Park,952.0,Flexible,Facebook Ads,Own,SMS,Sunny,5.38,35-44,True,Sunday,-2.4492935982947064e-16,1.0
Townhouse,Downtown,1298.0,1-2 weeks,Lawn Signs,Rent,Phone Call,Cloudy,3.83,18-24,False,Thursday,0.49999999999999994,0.8660254037844387
Apartment,Strathcona Park,626.0,1-2 weeks,Facebook Ads,Rent,SMS,Sunny,3.38,25-34,False,Wednesday,0.49999999999999994,0.8660254037844387
Semi-Detached,Strathcona Park,1007.0,1 month,Facebook Ads,Own,SMS,Rain,6.51,35-44,False,Friday,-2.4492935982947064e-16,1.0
Semi-Detached,Calvin Park,1210.0,1 month,Word of Mouth/Referral,Own,Email,Windy,1.27,35-44,True,Friday,-2.4492935982947064e-16,1.0
Semi-Detached,Strathcona Park,1222.0,Flexible,Door-to-Door,Recently Purchased,Phone Call,Sunny,0.38,45-54,False,Friday,-2.4492935982947064e-16,1.0
Detached,Sydenham Ward,2278.0,1-2 weeks,Door-to-Door,Own,SMS,Snow,0.96,65+,False,Saturday,0.8660254037844386,0.5000000000000001
Apartment,West End,706.0,Flexible,Lawn Signs,Own,SMS,Sunny,0.83,55-64,True,Saturday,0.49999999999999994,0.8660254037844387
Townhouse,West End,1160.0,1 month,Facebook Ads,Own,SMS,Sunny,2.55,55-64,False,Thursday,0.49999999999999994,0.8660254037844387
Detached,Downtown,1162.0,1 month,Facebook Ads,Own,SMS,Cloudy,3.08,55-64,False,Tuesday,0.8660254037844386,0.5000000000000001
Townhouse,West End,1203.0,ASAP,Facebook Ads,Recently Purchased,Email,Rain,4.49,55-64,False,Sunday,0.49999999999999994,0.8660254037844387
Detached,Portsmouth Village,1967.0,1 month,Lawn Signs,Own,Phone Call,Windy,3.525,35-44,False,Sunday,0.49999999999999994,0.8660254037844387
Detached,Downtown,1259.0,1-2 weeks,Facebook Ads,Own,SMS,Rain,5.95,35-44,False,Thursday,-2.4492935982947064e-16,1.0
Semi-Detached,West End,1418.0,1 month,Facebook Ads,Own,SMS,Sunny,4.43,35-44,False,Tuesday,0.49999999999999994,0.8660254037844387
Detached,Sydenham Ward,1817.0,1 month,Lawn Signs,Own,SMS,Rain,3.42,55-64,True,Thursday,-2.4492935982947064e-16,1.0
Townhouse,West End,535.0,1-2 weeks,Facebook Ads,Rent,SMS,Sunny,3.45,18-24,False,Wednesday,-2.4492935982947064e-16,1.0
Semi-Detached,Downtown,586.0,ASAP,Door-to-Door,Own,Email,Sunny,0.96,65+,True,Thursday,0.49999999999999994,0.8660254037844387
Detached,Strathcona Park,1101.0,ASAP,Facebook Ads,Rent,Phone Call,Windy,4.74,18-24,False,Thursday,0.8660254037844386,0.5000000000000001
Detached,Downtown,1821.0,1 month,Facebook Ads,Own,Email,Cloudy,5.05,25-34,True,Friday,0.49999999999999994,0.8660254037844387
Semi-Detached,West End,2345.0,ASAP,Door-to-Door,Own,SMS,Cloudy,2.69,55-64,False,Monday,0.49999999999999994,0.8660254037844387
Detached,Downtown,1517.0,Flexible,Facebook Ads,Own,Email,Sunny,3.02,65+,False,Tuesday,0.8660254037844386,0.5000000000000001
Townhouse,Sydenham Ward,764.0,1-2 weeks,Facebook Ads,Own,SMS,Cloudy,1.5,65+,False,Friday,-2.4492935982947064e-16,1.0
Apartment,Strathcona Park,954.0,Flexible,Door-to-Door,Recently Purchased,SMS,Snow,3.64,35-44,False,Saturday,0.8660254037844386,0.5000000000000001
Townhouse,Downtown,950.0,1-2 weeks,Facebook Ads,Own,Phone Call,Sunny,0.82,55-64,False,Sunday,0.8660254037844386,0.5000000000000001
Townhouse,West End,726.0,ASAP,Facebook Ads,Own,Email,Rain,6.3,45-54,True,Sunday,0.8660254037844386,0.5000000000000001
Detached,Strathcona Park,1974.0,ASAP,Facebook Ads,Rent,Email,Cloudy,3.03,55-64,False,Wednesday,0.8660254037844386,0.5000000000000001
Detached,West End,1749.0,Flexible,Lawn Signs,Rent,SMS,Sunny,0.28,55-64,False,Wednesday,-2.4492935982947064e-16,1.0
Apartment,Downtown,396.0,1-2 weeks,Facebook Ads,Recently Purchased,Email,Sunny,4.3,25-34,True,Friday,-2.4492935982947064e-16,1.0
Detached,West End,2832.0,1 month,Facebook Ads,Rent,Phone Call,Sunny,1.47,25-34,False,Thursday,0.8660254037844386,0.5000000000000001
Detached,Strathcona Park,1119.0,Flexible,Word of Mouth/Referral,Own,SMS,Cloudy,6.76,65+,False,Monday,-2.4492935982947064e-16,1.0
Apartment,Strathcona Park,642.0,1 month,Facebook Ads,Recently Purchased,Email,Sunny,3.8,25-34,False,Thursday,0.49999999999999994,0.8660254037844387
Townhouse,West End,1164.0,ASAP,Facebook Ads,Rent,SMS,Sunny,4.13,45-54,False,Thursday,-2.4492935982947064e-16,1.0
Townhouse,West End,901.0,1 month,Lawn Signs,Own,Email,Rain,2.27,25-34,False,Monday,0.49999999999999994,0.8660254037844387
Detached,Portsmouth Village,1134.0,1-2 weeks,Facebook Ads,Rent,Email,Rain,3.25,25-34,True,Wednesday,0.49999999999999994,0.8660254037844387
Detached,Strathcona Park,1494.0,1 month,Lawn Signs,Own,Email,Cloudy,7.51,35-44,False,Sunday,-2.4492935982947064e-16,1.0
Townhouse,Calvin Park,1165.0,ASAP,Door-to-Door,Own,Phone Call,Cloudy,2.15,25-34,False,Tuesday,0.8660254037844386,0.5000000000000001
Apartment,Downtown,501.0,ASAP,Facebook Ads,Own,Email,Windy,6.95,25-34,False,Saturday,0.8660254037844386,0.5000000000000001
Detached,Portsmouth Village,1581.0,1-2 weeks,Door-to-Door,Own,Email,Cloudy,6.88,45-54,True,Monday,0.8660254037844386,0.5000000000000001
Semi-Detached,Sydenham Ward,1032.0,Flexible,Facebook Ads,Own,SMS,Snow,4.94,18-24,False,Thursday,0.49999999999999994,0.8660254037844387
Apartment,West End,1044.0,Flexible,Door-to-Door,Own,SMS,Cloudy,6.33,65+,False,Friday,0.8660254037844386,0.5000000000000001
Semi-Detached,Strathcona Park,1285.0,Flexible,Word of Mouth/Referral,Own,Phone Call,Cloudy,6.47,45-54,False,Sunday,-2.4492935982947064e-16,1.0
Townhouse,Downtown,1112.0,1 month,Lawn Signs,Own,Phone Call,Rain,4.2,35-44,True,Monday,-2.4492935982947064e-16,1.0
Apartment,Strathcona Park,486.0,Flexible,Facebook Ads,Own,Phone Call,Sunny,0.2,45-54,True,Sunday,-2.4492935982947064e-16,1.0
Detached,Sydenham Ward,2304.0,ASAP,Facebook Ads,Own,Email,Cloudy,3.69,25-34,False,Sunday,-2.4492935982947064e-16,1.0
Detached,Strathcona Park,1952.0,1-2 weeks,Word of Mouth/Referral,Own,Email,Windy,5.58,45-54,False,Sunday,-2.4492935982947064e-16,1.0
Townhouse,Strathcona Park,1254.0,Flexible,Facebook Ads,Own,SMS,Sunny,5.88,18-24,False,Tuesday,1.0,6.123233995736766e-17
Semi-Detached,Downtown,1623.0,ASAP,Word of Mouth/Referral,Own,Phone Call,Sunny,4.58,25-34,False,Thursday,-2.4492935982947064e-16,1.0
Detached,West End,2172.0,1 month,Lawn Signs,Own,Phone Call,Windy,4.7,55-64,False,Saturday,-2.4492935982947064e-16,1.0
Townhouse,Sydenham Ward,1164.0,1 month,Word of Mouth/Referral,Rent,Email,Sunny,6.93,55-64,False,Sunday,-2.4492935982947064e-16,1.0
Detached,West End,1213.0,1 month,Door-to-Door,Own,SMS,Cloudy,5.89,45-54,False,Wednesday,-2.4492935982947064e-16,1.0
Apartment,Sydenham Ward,497.0,Flexible,Lawn Signs,Own,Email,Sunny,3.47,65+,False,Tuesday,0.49999999999999994,0.8660254037844387
Semi-Detached,Portsmouth Village,1287.0,1 month,Lawn Signs,Own,Phone Call,Rain,0.2,35-44,True,Sunday,-2.4492935982947064e-16,1.0
Semi-Detached,Downtown,1537.0,Flexible,Facebook Ads,Own,Email,Sunny,6.65,25-34,True,Wednesday,0.49999999999999994,0.8660254037844387
Detached,Downtown,1291.0,1-2 weeks,Door-to-Door,Own,Phone Call,Windy,3.46,35-44,True,Saturday,0.8660254037844386,0.5000000000000001
Detached,Downtown,1620.0,Flexible,Lawn Signs,Own,SMS,Sunny,3.46,25-34,True,Friday,0.49999999999999994,0.8660254037844387
Townhouse,Calvin Park,1718.0,1 month,Lawn Signs,Own,Email,Sunny,4.51,55-64,True,Friday,0.49999999999999994,0.8660254037844387
Detached,Downtown,1033.0,1-2 weeks,Lawn Signs,Own,SMS,Windy,1.28,65+,False,Friday,0.49999999999999994,0.8660254037844387
Townhouse,Portsmouth Village,1071.0,ASAP,Door-to-Door,Own,SMS,Snow,0.98,35-44,True,Thursday,0.49999999999999994,0.8660254037844387
Detached,Downtown,2639.0,1-2 weeks,Facebook Ads,Own,Phone Call,Sunny,4.58,35-44,False,Wednesday,-2.4492935982947064e-16,1.0
Semi-Detached,West End,1431.0,1-2 weeks,Facebook Ads,Own,SMS,Windy,1.1,25-34,False,Tuesday,0.49999999999999994,0.8660254037844387
Townhouse,Sydenham Ward,1177.0,1-2 weeks,Facebook Ads,Own,Phone Call,Sunny,2.51,25-34,False,Friday,-2.4492935982947064e-16,1.0
Apartment,Sydenham Ward,364.0,1-2 weeks,Facebook Ads,Recently Purchased,Email,Windy,5.26,25-34,True,Wednesday,-2.4492935982947064e-16,1.0
Heritage Home,West End,1290.0,1-2 weeks,Lawn Signs,Own,Phone Call,Rain,0.54,35-44,False,Sunday,-2.4492935982947064e-16,1.0
Semi-Detached,Downtown,1174.0,1 month,Door-to-Door,Rent,SMS,Snow,2.79,45-54,False,Monday,0.8660254037844386,0.5000000000000001
Detached,Downtown,2499.0,Flexible,Lawn Signs,Own,SMS,Sunny,1.84,18-24,True,Sunday,0.49999999999999994,0.8660254037844387
Apartment,West End,828.0,ASAP,Word of Mouth/Referral,Rent,SMS,Snow,2.94,25-34,True,Thursday,0.8660254037844386,0.5000000000000001
Semi-Detached,West End,1888.0,1 month,Lawn Signs,Own,SMS,Cloudy,1.88,65+,False,Monday,0.49999999999999994,0.8660254037844387
Semi-Detached,Downtown,982.0,Flexible,Facebook Ads,Own,SMS,Rain,6.72,35-44,True,Sunday,1.0,6.123233995736766e-17
Apartment,Calvin Park,331.0,1-2 weeks,Facebook Ads,Own,SMS,Cloudy,1.37,65+,True,Sunday,0.49999999999999994,0.8660254037844387
Semi-Detached,West End,1998.0,1-2 weeks,Facebook Ads,Recently Purchased,Email,Rain,4.45,35-44,True,Sunday,1.0,6.123233995736766e-17
Apartment,Portsmouth Village,391.0,1 month,Word of Mouth/Referral,Rent,SMS,Rain,3.89,45-54,True,Thursday,0.49999999999999994,0.8660254037844387
Townhouse,West End,1041.0,1-2 weeks,Word of Mouth/Referral,Own,SMS,Cloudy,7.01,35-44,False,Sunday,-2.4492935982947064e-16,1.0
Townhouse,Sydenham Ward,1355.0,1 month,Facebook Ads,Own,Email,Snow,2.95,35-44,False,Friday,-2.4492935982947064e-16,1.0
Apartment,Sydenham Ward,362.0,1-2 weeks,Lawn Signs,Rent,Phone Call,Sunny,3.62,18-24,False,Friday,0.49999999999999994,0.8660254037844387
Semi-Detached,West End,916.0,ASAP,Door-to-Door,Rent,SMS,Cloudy,5.58,35-44,True,Saturday,-2.4492935982947064e-16,1.0
Detached,Portsmouth Village,2354.0,1 month,Door-to-Door,Own,Email,Cloudy,5.27,35-44,False,Sunday,0.8660254037844386,0.5000000000000001
Apartment,West End,970.0,1 month,Facebook Ads,Own,Email,Cloudy,4.14,25-34,False,Wednesday,0.49999999999999994,0.8660254037844387
Detached,West End,3161.0,1-2 weeks,Lawn Signs,Recently Purchased,Phone Call,Snow,4.95,18-24,True,Wednesday,0.49999999999999994,0.8660254037844387
Semi-Detached,Portsmouth Village,1430.0,1-2 weeks,Lawn Signs,Own,SMS,Cloudy,2.29,45-54,True,Wednesday,0.49999999999999994,0.8660254037844387
Apartment,West End,377.0,Flexible,Facebook Ads,Own,SMS,Sunny,3.85,55-64,True,Monday,-2.4492935982947064e-16,1.0
Apartment,Sydenham Ward,349.0,1 month,Lawn Signs,Recently Purchased,SMS,Cloudy,3.42,25-34,True,Thursday,-2.4492935982947064e-16,1.0
Apartment,Downtown,509.0,Flexible,Facebook Ads,Own,Email,Rain,2.48,18-24,True,Thursday,0.49999999999999994,0.8660254037844387
Heritage Home,West End,1235.0,1 month,Lawn Signs,Rent,SMS,Sunny,5.22,45-54,True,Tuesday,0.8660254037844386,0.5000000000000001
Semi-Detached,West End,1858.0,1-2 weeks,Facebook Ads,Rent,SMS,Windy,3.83,45-54,True,Saturday,0.8660254037844386,0.5000000000000001
Detached,West End,1524.0,1-2 weeks,Door-to-Door,Own,Phone Call,Sunny,3.7,55-64,False,Sunday,-2.4492935982947064e-16,1.0
Detached,Sydenham Ward,2228.0,1-2 weeks,Facebook Ads,Own,SMS,Cloudy,0.2,18-24,True,Wednesday,0.8660254037844386,0.5000000000000001
Semi-Detached,Downtown,1611.0,ASAP,Facebook Ads,Own,Phone Call,Rain,5.16,25-34,False,Monday,0.49999999999999994,0.8660254037844387
Apartment,Downtown,630.0,Flexible,Facebook Ads,Own,Phone Call,Snow,5.42,35-44,False,Thursday,0.8660254037844386,0.5000000000000001
Semi-Detached,Calvin Park,1339.0,Flexible,Word of Mouth/Referral,Own,SMS,Rain,5.21,55-64,False,Friday,0.49999999999999994,0.8660254037844387
Detached,Downtown,1803.0,Flexible,Word of Mouth/Referral,Own,Phone Call,Windy,5.45,45-54,False,Saturday,0.8660254037844386,0.5000000000000001
Apartment,West End,335.0,1-2 weeks,Lawn Signs,Recently Purchased,SMS,Rain,3.64,45-54,True,Wednesday,-2.4492935982947064e-16,1.0
Detached,Downtown,1793.0,Flexible,Lawn Signs,Rent,Phone Call,Sunny,2.69,55-64,False,Tuesday,0.49999999999999994,0.8660254037844387
Detached,Sydenham Ward,1517.0,ASAP,Door-to-Door,Own,Phone Call,Snow,4.85,65+,True,Thursday,0.8660254037844386,0.5000000000000001
Townhouse,Strathcona Park,1251.0,1-2 weeks,Lawn Signs,Rent,SMS,Cloudy,6.44,55-64,True,Monday,0.8660254037844386,0.5000000000000001
Apartment,Calvin Park,556.0,ASAP,Facebook Ads,Own,Phone Call,Snow,1.53,35-44,True,Saturday,0.49999999999999994,0.8660254037844387
Townhouse,Strathcona Park,1111.0,1-2 weeks,Door-to-Door,Own,SMS,Sunny,4.99,45-54,True,Wednesday,0.49999999999999994,0.8660254037844387
Detached,Calvin Park,1602.0,1 month,Lawn Signs,Own,SMS,Cloudy,6.59,55-64,False,Friday,0.8660254037844386,0.5000000000000001
Detached,Portsmouth Village,758.0,Flexible,Lawn Signs,Own,SMS,Cloudy,2.71,18-24,False,Thursday,0.8660254037844386,0.5000000000000001
Detached,West End,2466.0,Flexible,Lawn Signs,Own,Phone Call,Sunny,6.18,35-44,True,Sunday,-2.4492935982947064e-16,1.0
Townhouse,Downtown,1285.0,ASAP,Door-to-Door,Own,Phone Call,Cloudy,4.58,25-34,True,Thursday,0.49999999999999994,0.8660254037844387
Apartment,Downtown,588.0,1 month,Lawn Signs,Own,SMS,Windy,4.18,35-44,True,Saturday,0.49999999999999994,0.8660254037844387
Semi-Detached,Portsmouth Village,1473.0,1 month,Facebook Ads,Own,Email,Sunny,3.0,35-44,True,Wednesday,0.8660254037844386,0.5000000000000001
Detached,West End,2366.0,ASAP,Lawn Signs,Own,SMS,Sunny,7.19,35-44,False,Monday,0.8660254037844386,0.5000000000000001
Detached,West End,2831.0,ASAP,Lawn Signs,Own,SMS,Cloudy,3.82,65+,True,Monday,0.8660254037844386,0.5000000000000001
Detached,Portsmouth Village,2274.0,1-2 weeks,Facebook Ads,Own,Email,Sunny,2.66,35-44,True,Sunday,0.49999999999999994,0.8660254037844387
Apartment,Downtown,586.0,Flexible,Facebook Ads,Rent,Phone Call,Sunny,4.77,55-64,False,Wednesday,0.8660254037844386,0.5000000000000001
Semi-Detached,Downtown,378.0,Flexible,Door-to-Door,Own,Phone Call,Cloudy,7.71,45-54,True,Thursday,-2.4492935982947064e-16,1.0
Apartment,Sydenham Ward,929.0,1 month,Facebook Ads,Own,Email,Rain,3.6,65+,True,Saturday,-2.4492935982947064e-16,1.0
Townhouse,Strathcona Park,1040.0,Flexible,Facebook Ads,Rent,Phone Call,Cloudy,2.19,45-54,False,Sunday,0.8660254037844386,0.5000000000000001
Townhouse,West End,1089.0,1-2 weeks,Door-to-Door,Own,Phone Call,Sunny,4.14,55-64,True,Friday,-2.4492935982947064e-16,1.0
Apartment,Downtown,998.0,ASAP,Door-to-Door,Own,Email,Cloudy,4.06,35-44,True,Tuesday,-2.4492935982947064e-16,1.0
Detached,Downtown,910.0,ASAP,Lawn Signs,Rent,SMS,Cloudy,1.71,35-44,False,Monday,0.8660254037844386,0.5000000000000001
Detached,Portsmouth Village,1792.0,1 month,Facebook Ads,Own,Phone Call,Windy,3.37,25-34,False,Tuesday,0.8660254037844386,0.5000000000000001
Detached,West End,2562.0,1-2 weeks,Facebook Ads,Own,Email,Sunny,1.67,65+,False,Thursday,0.49999999999999994,0.8660254037844387
Apartment,Portsmouth Village,447.0,1 month,Door-to-Door,Own,Phone Call,Rain,2.91,18-24,True,Wednesday,0.8660254037844386,0.5000000000000001
Semi-Detached,Portsmouth Village,1747.0,1-2 weeks,Lawn Signs,Rent,Email,Rain,5.29,35-44,True,Sunday,-2.4492935982947064e-16,1.0
Detached,Strathcona Park,1498.0,1 month,Facebook Ads,Own,Email,Windy,4.7,45-54,True,Saturday,-2.4492935982947064e-16,1.0
Townhouse,Calvin Park,1461.0,1-2 weeks,Facebook Ads,Own,SMS,Cloudy,4.74,25-34,False,Monday,0.8660254037844386,0.5000000000000001
Detached,Strathcona Park,2016.0,1-2 weeks,Door-to-Door,Own,Email,Rain,2.74,25-34,True,Wednesday,-2.4492935982947064e-16,1.0
Detached,Downtown,1094.0,ASAP,Door-to-Door,Own,SMS,Windy,4.72,55-64,True,Monday,0.49999999999999994,0.8660254037844387
Detached,Strathcona Park,2590.0,1-2 weeks,Door-to-Door,Own,Email,Sunny,1.66,55-64,True,Sunday,0.49999999999999994,0.8660254037844387
Townhouse,Sydenham Ward,1801.0,1 month,Door-to-Door,Own,Email,Windy,0.3,55-64,False,Sunday,0.49999999999999994,0.8660254037844387
Detached,Downtown,1777.0,1-2 weeks,Lawn Signs,Own,Phone Call,Rain,1.73,55-64,False,Friday,-2.4492935982947064e-16,1.0
Apartment,Calvin Park,209.0,1-2 weeks,Lawn Signs,Own,SMS,Cloudy,5.51,55-64,False,Thursday,0.8660254037844386,0.5000000000000001
Townhouse,Sydenham Ward,325.0,1 month,Door-to-Door,Own,SMS,Sunny,3.55,45-54,True,Sunday,0.49999999999999994,0.8660254037844387
Detached,West End,2264.0,Flexible,Door-to-Door,Own,Email,Cloudy,3.63,25-34,False,Wednesday,1.0,6.123233995736766e-17
Townhouse,Downtown,1013.0,Flexible,Facebook Ads,Own,Phone Call,Rain,3.44,35-44,False,Thursday,0.8660254037844386,0.5000000000000001
